,Country,Cities,Latitude,Longitude,Minimum temperature,Maximum temperature,Humidity,Cloudiness,Wind Speed
0,ZA,East London,-33.02,27.91,76.23,76.23,38,0,5.26
1,ZA,Kruisfontein,-34.0,24.73,60.22,60.22,69,1,10.02
2,US,Jamestown,42.1,-79.24,57.2,57.2,50,75,16.11
3,CA,Tuktoyaktuk,69.45,-133.04,6.8,6.8,92,40,12.75
4,EC,Palora,-1.7,-77.93,71.6,71.6,94,90,2.24
5,UZ,Yangi Marg`ilon,40.43,71.72,69.8,69.8,43,40,23.04
6,IN,Bārān,25.1,76.52,92.66,92.66,11,0,4.94
7,ID,Lhokseumawe,5.18,97.15,78.84,78.84,85,100,3.18
8,CL,Punta Arenas,-53.15,-70.92,48.0,48.2,87,75,10.29
9,BR,Cururupu,-1.83,-44.87,89.01,89.01,57,19,6.49
10,AU,Mount Isa,-20.73,139.5,57.2,57.2,30,52,4.7
11,RU,Zhigansk,66.77,123.37,16.0,16.0,93,7,6.02
12,ZA,Port Alfred,-33.59,26.89,66.99,66.99,66,0,4.0
13,GL,Tasiilaq,65.61,-37.64,33.8,33.8,64,20,5.82
14,RO,Ioneşti,44.85,24.23,60.8,64.0,63,87,16.11
15,AU,Alice Springs,-23.7,133.88,48.2,48.2,61,0,5.82
16,NZ,Mataura,-46.19,168.86,46.06,46.06,90,14,3.29
17,RU,Provideniya,64.38,-173.3,28.09,28.09,95,56,5.84
18,CN,Korla,41.76,86.15,73.99,73.99,62,74,5.01
19,BO,Riberalta,-10.98,-66.1,89.6,89.6,62,75,13.87
20,PT,Lata,40.16,-8.33,68.0,78.01,74,95,1.99
21,US,Saint Paul Harbor,57.79,-152.41,42.8,42.8,75,90,8.05
22,PH,Basco,20.45,121.97,81.57,81.57,86,17,16.58
23,US,Albany,42.6,-73.97,64.99,68.0,30,37,7.0
24,RU,Lavrentiya,65.58,-171.0,22.32,22.32,93,0,3.27
25,TO,Vaini,-21.2,-175.2,75.2,75.2,83,20,6.93
26,EC,Puerto Ayora,-0.74,-90.35,82.0,82.4,74,20,13.87
27,NZ,Bluff,-46.6,168.33,52.18,52.18,81,4,13.42
28,CA,Amos,48.57,-78.12,59.0,59.0,63,75,3.36
29,PT,Ponta do Sol,32.67,-17.1,64.99,71.6,64,20,12.75
30,AU,Busselton,-33.65,115.33,53.01,53.01,59,56,1.01
31,BR,Coromandel,-18.47,-47.2,74.84,74.84,47,2,4.81
32,US,‘Āhuimanu,21.44,-157.84,70.0,77.0,65,75,14.99
33,ZA,Cape Town,-33.93,18.42,62.01,64.99,88,75,11.41
34,RU,Plastun,44.76,136.29,56.86,56.86,64,100,7.83
35,RU,Sobolevo,54.43,31.9,55.58,55.58,80,66,12.01
36,CA,Torbay,47.67,-52.73,57.99,60.8,51,75,28.86
37,US,Lapeer,43.05,-83.32,68.0,69.8,49,75,14.99
38,MR,Atar,20.52,-13.05,104.68,104.68,7,0,17.36
39,BR,Natal,-5.79,-35.21,84.2,84.2,70,75,9.17
40,PF,Rikitea,-23.12,-134.97,76.37,76.37,75,93,11.65
41,AU,New Norfolk,-42.78,147.06,43.0,46.99,77,38,1.99
42,AU,Carnarvon,-24.87,113.63,64.4,64.4,93,0,5.82
43,NC,Touho,-20.78,165.23,77.4,77.4,79,67,7.87
44,NZ,Kaitangata,-46.28,169.85,52.0,52.0,65,27,1.01
45,AR,Ushuaia,-54.8,-68.3,48.2,48.2,87,40,2.24
46,MX,Cabo San Lucas,22.89,-109.91,84.2,87.01,30,40,3.36
47,RU,Vorobyevka,50.65,40.92,58.57,58.57,70,33,5.12
48,GA,Mayumba,-3.43,10.66,80.31,80.31,87,28,6.15
49,LY,Ubari,26.59,12.78,86.63,86.63,10,31,9.69
50,US,Soddy-Daisy,35.24,-85.19,72.0,79.0,52,31,5.01
51,TZ,Izazi,-7.2,35.73,74.57,74.57,51,32,9.8
52,ZA,Port Elizabeth,-33.92,25.57,66.2,66.2,59,0,14.99
53,US,Hilo,19.73,-155.09,66.0,71.6,78,90,9.17
54,ZA,Bredasdorp,-34.53,20.04,68.0,68.0,64,60,12.75
55,CL,Lebu,-37.62,-73.65,59.61,59.61,80,70,5.44
56,RU,Loukhi,66.08,33.04,34.03,34.03,87,100,8.23
57,AU,Port Lincoln,-34.73,135.87,56.82,56.82,72,34,8.57
58,UZ,Nurota,40.56,65.69,64.4,64.4,77,17,6.93
59,BJ,Porto-Novo,6.5,2.6,86.0,86.0,79,40,11.41
60,BR,Miracema do Tocantins,-9.56,-48.4,88.29,88.29,56,22,4.0
61,ID,Banda Aceh,5.56,95.32,78.89,78.89,79,100,2.75
62,ID,Kupang,-10.17,123.58,78.96,78.96,77,4,11.34
63,RU,Cherskiy,68.75,161.3,23.56,23.56,93,81,4.05
64,CD,Gbadolite,4.28,21.02,80.46,80.46,60,27,2.8
65,IE,Killybegs,54.63,-8.45,51.8,53.6,66,20,8.05
66,KZ,Karatau,43.17,70.47,62.31,62.31,48,99,11.97
67,US,Isla Vista,34.41,-119.86,64.4,72.0,72,1,9.17
68,NO,Mehamn,71.04,27.85,33.58,33.58,89,0,8.95
69,BB,Bathsheba,13.22,-59.52,87.8,87.8,62,40,21.92
70,RU,Dikson,73.51,80.55,12.74,12.74,94,1,8.52
71,PE,Huarmey,-10.07,-78.15,76.33,76.33,62,53,10.29
72,US,Juneau,58.3,-134.42,42.8,45.0,81,75,5.82
73,RU,Zapolyarnyy,69.42,30.81,39.2,39.2,60,100,11.41
74,RU,Nikolskoye,59.7,30.79,60.8,60.8,65,97,8.95
75,NZ,Ahipara,-35.17,173.17,66.51,66.51,85,96,17.05
76,BR,Castro,-24.79,-50.01,71.83,71.83,42,14,8.48
77,VU,Isangel,-19.55,169.27,75.83,75.83,85,46,9.78
78,MV,Hithadhoo,-0.6,73.08,85.35,85.35,76,100,11.9
79,US,Palm Coast,29.59,-81.21,78.01,82.0,24,1,3.36
80,NZ,Tuatapere,-46.13,167.68,51.28,51.28,83,36,6.11
81,RE,Saint-Philippe,-21.36,55.77,63.0,73.4,78,20,5.82
82,PF,Atuona,-9.8,-139.03,81.73,81.73,78,25,20.22
83,BR,Conceição do Araguaia,-8.26,-49.26,93.2,93.2,44,18,5.82
84,RU,Bilibino,68.05,166.44,15.91,15.91,87,0,2.86
85,AU,Codrington,-38.27,141.97,51.69,51.69,72,94,8.63
86,MU,Souillac,-20.52,57.52,75.2,75.2,78,40,12.75
87,AU,Geraldton,-28.77,114.6,62.6,62.6,42,0,11.41
88,ML,Kidal,18.44,1.41,105.84,105.84,6,0,15.95
89,ZA,Hermanus,-34.42,19.23,64.99,64.99,84,31,4.0
90,AU,Launceston,-41.45,147.17,44.6,45.0,76,0,9.17
91,CO,Bahía Solano,6.23,-77.4,84.74,84.74,74,29,4.68
92,US,Kapaa,22.08,-159.32,73.0,75.2,69,1,16.11
93,MU,Grand Gaube,-20.01,57.66,75.0,75.0,77,12,4.0
94,US,Morgan City,29.7,-91.21,75.2,80.01,57,1,9.17
95,RU,Churapcha,62.0,132.43,20.75,20.75,94,0,10.71
96,RU,Krasnomayskiy,57.62,34.41,50.68,50.68,60,73,8.03
97,PT,Ribeira Grande,38.52,-28.7,64.4,64.4,59,20,14.99
98,GH,Esim,4.87,-2.24,85.08,85.08,73,31,9.35
99,AU,Esperance,-33.87,121.9,53.6,53.6,71,0,10.29
100,PH,Gigmoto,13.78,124.39,81.43,81.43,83,99,10.4
101,PH,Dingle,11.0,122.67,80.13,80.13,79,97,6.76
102,IN,Sabrūm,23.0,91.73,75.6,75.6,83,40,3.27
103,GL,Nanortalik,60.14,-45.24,35.91,35.91,87,100,22.95
104,US,Kirby,29.46,-98.39,80.6,86.0,65,75,9.17
105,HK,Hong Kong,22.29,114.16,75.99,78.01,78,61,6.73
106,RU,Chokurdakh,70.63,147.92,1.89,1.89,93,0,2.68
107,ID,Bengkulu,-3.8,102.27,77.52,77.52,84,80,6.33
108,MR,Nouakchott,18.09,-15.98,84.2,84.2,42,0,17.22
109,ID,Mojoagung,-7.57,112.35,75.65,75.65,84,86,3.91
110,AU,Hobart,-42.88,147.33,46.99,50.0,53,90,12.75
111,GL,Upernavik,72.79,-56.15,29.86,29.86,95,100,5.84
112,JP,Shingū,33.73,135.98,57.54,57.54,87,44,6.82
113,PL,Starogard Gdański,53.96,18.53,50.0,57.0,100,55,4.88
114,RU,Kumylzhenskaya,49.88,42.59,66.99,66.99,52,86,4.0
115,RU,Saskylakh,71.92,114.08,11.52,11.52,94,100,4.9
116,RU,Yar-Sale,66.83,70.83,26.31,26.31,97,100,7.43
117,MX,San Patricio,19.22,-104.7,89.76,89.76,26,0,5.91
118,CA,Yellowknife,62.46,-114.35,37.0,37.4,86,75,6.93
119,RU,Srednekolymsk,67.45,153.68,29.1,29.1,98,100,6.82
120,RU,Kirsanov,52.65,42.72,55.15,55.15,82,21,11.39
121,EC,Zamora,-4.07,-78.96,80.6,80.6,54,75,5.82
122,KI,Butaritari,3.07,172.79,82.81,82.81,82,96,19.04
123,RU,Beringovskiy,63.05,179.32,24.03,24.03,97,100,7.9
124,TL,Airai,-8.93,125.41,58.14,58.14,74,68,3.33
125,RU,Zheleznodorozhnyy,55.75,38.0,59.0,59.0,51,23,6.71
126,BS,Marsh Harbour,26.54,-77.06,75.33,75.33,56,0,12.55
127,AR,Mar del Plata,-38.0,-57.56,61.0,62.6,72,40,8.05
128,BR,Boca do Acre,-8.75,-67.4,91.96,91.96,46,75,5.48
129,SE,Piteå,65.32,21.48,37.4,37.4,96,100,8.05
130,RU,Verkhnyaya Inta,65.98,60.31,30.31,30.31,98,98,7.94
131,RU,Sovetskiy,61.36,63.58,38.19,38.19,81,97,5.48
132,PG,Kavieng,-2.57,150.8,82.17,82.17,77,100,6.2
133,RU,Ust-Nera,64.57,143.2,25.59,25.59,89,100,7.7
134,CA,High Level,58.52,-117.14,37.4,37.4,93,90,10.29
135,PH,Cabadiangan,9.75,122.47,80.28,80.28,78,100,1.59
136,PT,Cascais,38.7,-9.42,69.8,72.0,73,20,9.17
137,BR,São Gonçalo do Sapucaí,-21.89,-45.6,74.97,74.97,51,3,5.73
138,AR,Santiago del Estero,-27.8,-64.26,71.13,71.13,52,68,10.78
139,US,Laguna,38.42,-121.42,64.4,68.0,59,1,5.82
140,CL,Constitución,-35.33,-72.42,63.01,63.01,54,90,5.19
141,CL,Coquimbo,-29.95,-71.34,59.0,59.0,77,90,3.36
142,LK,Matara,5.95,80.54,80.83,80.83,86,41,4.59
143,GD,St. George's,12.06,-61.75,86.0,86.0,70,20,20.8
144,CV,São Filipe,14.9,-24.5,79.36,79.36,55,0,10.94
145,CA,Iqaluit,63.75,-68.51,23.0,23.0,73,90,29.97
146,AE,Abu Dhabi,24.47,54.37,88.0,89.6,46,0,6.93
147,CN,Linqiong,30.42,103.46,73.4,73.4,53,0,3.27
148,CA,La Sarre,48.8,-79.2,49.86,49.86,73,100,7.16
149,CA,Norman Wells,65.28,-126.83,33.8,33.8,69,75,3.36
150,BO,San Matías,-16.37,-58.4,91.63,91.63,38,44,4.52
151,BR,Quirinópolis,-18.45,-50.45,81.3,81.3,46,1,1.95
152,US,Lompoc,34.64,-120.46,51.8,60.8,87,75,11.41
153,US,Fortuna,40.6,-124.16,59.0,59.0,82,90,14.99
154,US,Half Moon Bay,37.46,-122.43,57.0,63.0,87,90,5.82
155,IS,Hofn,64.25,-15.21,39.72,39.72,69,98,4.85
156,CN,Caohai,26.87,104.28,56.3,56.3,43,6,2.06
157,RU,Kozhva,65.11,57.05,30.27,30.27,98,99,5.21
158,CL,Ancud,-41.87,-73.82,57.2,60.01,76,90,10.29
159,JP,Muroto-misakicho,33.28,134.15,65.52,65.52,85,91,6.93
160,PG,Namatanai,-3.67,152.43,79.65,79.65,84,100,8.28
161,KZ,Beyneu,45.32,55.2,70.48,70.48,28,10,5.64
162,RU,Talnakh,69.49,88.4,24.8,24.8,73,45,13.42
163,RU,Kungurtug,50.6,97.52,43.34,43.34,36,0,2.15
164,BR,Barra do Garças,-15.89,-52.26,89.6,89.6,40,20,4.7
165,PG,Popondetta,-8.75,148.25,76.35,76.35,81,43,2.82
166,IN,Pāsighāt,28.07,95.33,75.79,75.79,60,100,3.53
167,KE,Marsabit,2.33,37.99,71.24,71.24,54,85,14.25
168,GL,Qaanaaq,77.48,-69.36,23.56,23.56,90,58,1.36
169,CA,Thompson,55.74,-97.86,28.4,28.4,74,90,16.11
170,CN,Zhangye,38.93,100.45,61.18,61.18,19,33,1.74
171,RU,Pevek,69.7,170.31,17.28,17.28,91,0,7.23
172,JP,Hondomachi-hondo,32.45,130.2,69.01,69.01,73,100,11.01
173,RU,Khatanga,71.97,102.5,12.34,12.34,97,91,0.36
174,GL,Aasiaat,68.71,-52.87,32.63,32.63,91,100,13.67
175,MX,Ocampo,21.65,-101.5,73.04,73.04,17,0,2.77
176,CO,Inírida,3.87,-67.92,91.18,91.18,59,87,2.08
177,US,Hermiston,45.84,-119.29,66.2,66.99,37,20,5.82
178,AR,Rawson,-43.3,-65.1,65.37,65.37,42,95,27.65
179,PT,Camacha,33.08,-16.33,68.0,68.0,77,40,12.75
180,NO,Sørland,67.67,12.69,39.67,39.67,84,100,13.2
181,MR,Nouadhibou,20.93,-17.03,71.6,71.6,68,0,21.92
182,JP,Shimoda,34.67,138.95,59.0,59.0,86,35,5.99
183,CA,Pangnirtung,66.15,-65.71,28.4,28.4,86,75,5.82
184,US,Barrow,71.29,-156.79,19.4,19.4,100,90,3.36
185,RU,Leningradskiy,69.38,178.42,18.0,18.0,89,46,1.59
186,US,Pacific Grove,36.62,-121.92,57.0,64.99,72,20,4.7
187,ID,Sibolga,1.74,98.78,78.26,78.26,81,100,3.76
188,MX,Ixtapa,20.7,-105.2,80.6,80.6,65,5,6.93
189,BR,Touros,-5.2,-35.46,84.2,84.2,74,75,11.41
190,GB,Brae,60.4,-1.35,48.2,48.2,66,11,14.99
191,VE,San Cristobal,7.77,-72.22,93.2,93.2,46,40,9.17
192,PT,Lagoa,39.05,-27.98,59.09,59.09,66,59,10.58
193,MX,Puerto Escondido,15.85,-97.07,91.4,91.4,52,5,6.93
194,PF,Tautira,-17.73,-149.15,78.01,78.8,83,40,3.36
195,MX,Guerrero Negro,27.98,-114.06,68.92,68.92,62,64,8.9
196,IT,Laas,46.62,10.7,46.4,62.01,61,75,4.7
197,AU,Mareeba,-17.0,145.43,75.2,75.2,69,75,9.17
198,ID,Manokwari,-0.87,134.08,79.43,79.43,80,53,4.0
199,MN,Darhan,49.49,105.92,44.85,44.85,58,0,5.3
200,AR,Comodoro Rivadavia,-45.87,-67.5,60.8,60.8,48,75,13.87
201,CK,Avarua,-21.21,-159.78,75.2,75.2,88,100,16.11
202,RU,Severo-Kuril'sk,50.68,156.12,38.66,38.66,93,100,17.49
203,NO,Lakselv,70.05,24.97,42.8,42.8,52,62,26.4
204,NZ,Whitianga,-36.83,175.7,66.0,66.0,91,100,8.99
205,BR,Cidreira,-30.18,-50.21,66.18,66.18,69,52,13.33
206,BR,Tefé,-3.35,-64.71,77.0,77.0,94,90,2.24
207,AU,Yulara,-25.24,130.99,53.6,53.6,54,0,5.82
208,RU,Mezen',65.85,44.24,28.06,28.06,96,19,1.74
209,BR,Olinda,-8.01,-34.86,86.0,86.0,66,40,10.29
210,GN,Coyah,9.75,-13.42,80.6,80.6,78,75,11.41
211,BR,Bonfim,3.08,-59.95,91.51,91.51,41,99,5.86
212,BY,Minsk,53.9,27.57,55.4,55.4,93,75,2.24
213,AU,Charters Towers,-20.1,146.27,56.62,56.62,33,0,8.75
214,JP,Nemuro,43.32,145.57,49.35,49.35,85,34,10.63
215,US,Westport,41.14,-73.36,64.99,69.8,30,1,19.46
216,CN,Hefei,31.86,117.28,75.2,75.2,88,0,4.47
217,WS,Lufilufi,-13.87,-171.6,82.0,82.0,88,41,4.21
218,LY,Waddān,29.16,16.14,84.9,84.9,14,10,7.67
219,VU,Lakatoro,-16.1,167.42,77.29,77.29,80,3,6.49
220,NO,Berlevåg,70.86,29.09,34.45,34.45,86,0,10.38
221,NE,Bilma,18.69,12.92,101.1,101.1,7,0,8.59
222,RU,Bagdarin,54.43,113.6,34.9,34.9,47,100,1.83
223,CA,Chapais,49.78,-74.85,48.2,48.2,36,1,12.75
224,CA,Bonavista,48.65,-53.11,46.22,46.22,80,99,19.42
225,BR,Arraial do Cabo,-22.97,-42.03,80.6,84.2,74,40,11.41
226,PE,El Alto,-4.27,-81.21,87.8,87.8,55,29,13.87
227,IN,Tezu,27.92,96.17,74.84,74.84,61,100,3.67
228,US,Robertson,36.52,-86.87,78.01,80.01,41,1,10.29
229,AU,Sawtell,-30.38,153.1,50.0,53.6,71,40,4.7
230,RU,Tilichiki,60.47,166.1,23.63,23.63,96,100,4.0
231,NO,Vigrestad,58.57,5.7,48.0,50.0,71,40,14.99
232,MX,San Quintín,30.48,-115.95,68.88,68.88,62,4,13.69
233,NA,Lüderitz,-26.65,15.16,67.35,67.35,59,0,12.35
234,CU,Yaguajay,22.33,-79.24,83.66,83.66,66,88,13.02
235,NZ,Ngunguru,-35.62,174.5,66.0,66.0,89,88,15.01
236,GB,Penzance,50.12,-5.54,53.6,57.99,58,75,6.93
237,GY,Mabaruma,8.2,-59.78,86.65,86.65,60,71,7.2
238,CF,Sibut,5.72,19.07,85.75,85.75,48,48,4.94
239,GL,Maniitsoq,65.42,-52.9,35.17,35.17,85,100,19.48
240,CN,Dongsheng,39.82,109.98,67.01,67.01,15,95,5.93
241,US,Bethel,41.37,-73.41,64.4,68.0,36,1,10.29
242,IR,Birjand,32.87,59.22,64.4,64.4,39,75,4.7
243,RU,Tiksi,71.69,128.87,3.88,3.88,93,17,6.33
244,US,Cedar City,37.68,-113.06,64.4,64.4,39,1,9.19
245,BR,Coxim,-18.51,-54.76,88.05,88.05,39,0,3.62
246,PH,Marawi,8.0,124.29,75.99,75.99,81,100,5.99
247,CD,Kabalo,-6.05,26.92,74.41,74.41,76,93,2.42
248,ZA,Saldanha,-33.01,17.94,64.4,64.4,82,87,3.36
249,AU,Ulladulla,-35.35,150.47,37.99,53.01,62,22,12.75
250,JP,Hirara,24.8,125.28,76.42,76.42,93,0,13.82
251,US,Sitka,57.05,-135.33,51.8,51.8,57,40,6.11
252,CA,Aklavik,68.22,-135.01,21.2,21.2,67,75,9.17
253,US,Farmington,36.73,-108.22,73.4,73.4,13,1,3.36
254,GL,Ilulissat,69.22,-51.1,35.6,35.6,64,75,8.05
255,MX,Durango,24.83,-104.83,77.83,77.83,15,1,3.49
256,RU,Amga,60.9,131.96,22.6,22.6,93,0,6.38
257,JP,Ojiya,37.3,138.8,57.0,57.0,87,97,2.89
258,CL,Talcahuano,-36.72,-73.12,59.0,59.0,93,90,8.05
259,ID,Majene,-3.54,118.97,79.41,79.41,81,85,4.85
260,GN,Mali,12.08,-12.3,89.65,89.65,18,20,5.41
261,RU,Navlya,52.83,34.5,56.64,56.64,82,63,7.0
262,SA,Buraidah,26.33,43.98,84.2,84.2,20,75,6.93
263,PA,Ailigandí,9.23,-78.02,83.93,83.93,76,57,13.51
264,AO,Soyo,-6.13,12.37,80.24,80.24,85,44,7.78
265,US,Eureka,40.8,-124.16,57.99,62.6,67,90,10.29
266,PG,Porgera,-5.47,143.2,40.89,40.89,46,94,0.31
267,US,Wilmington,34.23,-77.94,70.0,73.99,40,1,5.82
268,GA,Port-Gentil,-0.72,8.78,84.2,84.2,89,75,10.29
269,AR,Río Gallegos,-51.62,-69.22,50.0,50.0,76,70,4.7
270,PF,Faanui,-16.48,-151.75,81.93,81.93,78,30,13.89
271,US,Miles City,46.41,-105.84,62.6,62.6,39,1,3.36
272,MU,Mahébourg,-20.41,57.7,75.2,75.2,78,40,12.75
273,MY,George Town,5.41,100.34,80.01,82.4,88,20,2.51
274,GL,Paamiut,61.99,-49.67,35.92,35.92,82,100,47.42
275,GA,Libreville,0.39,9.45,84.2,84.2,83,20,9.17
276,SB,Buala,-8.14,159.59,81.88,81.88,79,100,7.43
277,RU,Kiknur,57.3,47.2,41.04,41.04,63,3,3.6
278,MU,Bambous Virieux,-20.34,57.76,75.0,75.2,78,40,12.75
279,MX,Anáhuac,27.23,-100.15,87.8,87.8,52,20,10.29
280,EG,Aswān,24.09,32.91,90.34,90.34,13,0,6.29
281,PE,Sechura,-5.56,-80.82,80.78,80.78,53,3,7.25
282,RU,Novoukrainskoye,45.38,40.53,55.72,55.72,89,100,5.64
283,US,North Bend,43.41,-124.22,51.8,57.0,100,90,17.22
284,PT,Vila Franca do Campo,37.72,-25.43,60.8,60.8,77,40,8.05
285,US,College,64.86,-147.8,35.01,39.99,41,1,5.82
286,RO,Surdila-Găiseanca,45.07,27.33,68.0,68.0,52,75,6.93
287,RU,Ostrovnoy,68.05,39.51,30.36,30.36,95,9,8.81
288,IN,Tura,25.52,90.22,72.05,72.05,71,64,3.2
289,ET,Ginir,7.13,40.7,60.87,60.87,56,100,2.44
290,NO,Sistranda,63.73,8.83,42.8,42.8,87,75,8.05
291,VN,Quang Ngai,15.12,108.8,74.66,74.66,88,0,4.61
292,PR,Loíza,18.43,-65.88,84.2,87.01,66,75,4.7
293,AR,San Rafael,-34.62,-68.33,70.79,70.79,35,23,11.79
294,PK,Umarkot,25.36,69.74,89.04,89.04,47,29,20.15
295,CL,Carahue,-38.7,-73.17,55.4,55.4,100,90,5.82
296,RU,Deputatsky,69.3,139.9,4.17,4.17,88,72,2.77
297,PT,Mata,40.68,-7.46,73.99,73.99,50,99,4.0
298,ER,Edd,13.93,41.69,83.84,83.84,81,99,7.2
299,NA,Henties Bay,-22.12,14.28,67.03,67.03,60,0,12.59
300,JP,Itoman,26.12,127.67,73.0,73.4,94,75,11.41
301,PG,Aitape,-3.14,142.35,79.65,79.65,79,44,4.34
302,NG,Wamba,8.93,8.6,90.21,90.21,47,77,3.65
303,SJ,Longyearbyen,78.22,15.64,21.2,21.2,62,20,12.75
304,GL,Qasigiannguit,68.82,-51.19,35.6,35.6,64,75,8.05
305,RU,Koslan,63.46,48.9,29.93,29.93,95,95,3.87
306,US,Lamont,35.26,-118.91,68.0,75.0,49,0,1.99
307,IN,Iāwar,23.0,76.5,88.2,88.2,14,0,9.73
308,BR,Planaltina,-15.45,-47.61,80.6,82.99,39,20,5.82
309,JP,Hasaki,35.73,140.83,59.0,59.0,93,2,3.36
310,NL,Borger,52.92,6.79,54.0,54.0,70,13,4.0
311,NO,Havøysund,71.0,24.66,41.0,41.0,56,0,18.34
312,ID,Waingapu,-9.66,120.26,77.86,77.86,79,24,8.5
313,PG,Lorengau,-2.02,147.27,82.15,82.15,80,92,6.64
314,ZA,Duiwelskloof,-23.69,30.14,65.91,65.91,43,8,1.61
315,IT,Alghero,40.56,8.32,68.0,68.0,72,20,11.41
316,KE,Voi,-3.39,38.56,73.94,73.94,67,41,8.7
317,RU,Kaduy,59.2,37.15,40.82,40.82,70,92,6.89
318,OM,Sur,22.57,59.53,87.89,87.89,57,7,9.69
319,CA,Fort Nelson,58.81,-122.7,53.6,53.6,46,40,5.82
320,IT,Taormina,37.85,15.29,66.99,69.01,72,51,5.01
321,CN,Mergen,49.18,125.22,39.06,39.06,57,94,7.99
322,TD,Massakory,13.0,15.73,96.66,96.66,22,45,8.59
323,RU,Svetlaya,46.54,138.33,47.91,47.91,66,82,3.6
324,CF,Ndélé,8.41,20.65,84.43,84.43,41,94,3.22
325,BR,Vila Velha,-20.33,-40.29,84.0,86.0,58,20,11.41
326,FO,Klaksvík,62.23,-6.59,46.4,46.4,70,16,10.29
327,RU,Anadyr,64.75,177.48,8.01,8.6,84,18,2.24
328,RU,Iskateley,67.68,53.15,24.39,24.39,98,99,7.2
329,YE,Marzuq,14.4,46.47,81.21,81.21,37,79,7.65
330,PE,Saquena,-4.67,-73.52,83.28,83.28,86,50,2.77
331,CA,Lake Cowichan,48.83,-124.05,48.99,51.8,87,90,5.82
332,ES,Gijón,43.54,-5.66,63.0,66.0,79,99,1.99
333,RU,Sibay,52.72,58.67,54.14,54.14,69,88,4.41
334,SE,Halmstad,56.67,12.86,50.0,53.01,76,95,4.7
335,ID,Labuhan,-6.88,112.21,78.19,78.19,86,100,7.76
336,AU,Kununurra,-15.77,128.73,59.0,59.0,54,28,2.24
337,CD,Likasi,-10.98,26.73,66.25,66.25,61,1,3.6
338,CN,Kumul,42.8,93.45,72.16,72.16,14,98,16.75
339,US,Sterling,39.01,-77.43,66.2,71.01,34,20,3.36
340,GF,Cayenne,4.93,-52.33,82.4,82.4,88,76,9.17
341,CA,Prince Rupert,54.32,-130.32,46.4,46.4,71,75,4.7
342,ID,Kawalu,-7.38,108.21,73.49,73.49,81,100,0.89
343,IE,Skibbereen,51.55,-9.27,50.0,50.0,76,75,10.29
344,LY,Jalu,29.03,21.55,79.41,79.41,23,0,15.14
345,GL,Narsaq,60.92,-46.05,37.4,37.4,90,75,1.12
346,MN,Khovd,48.01,91.64,53.26,53.26,23,0,0.94
347,CN,Wenling,28.37,121.36,69.01,69.01,94,100,4.85
348,SS,Gogrial,8.53,28.1,88.99,88.99,38,72,7.74
349,ES,Muros,42.78,-9.06,63.0,66.0,91,96,7.0
350,NO,Varhaug,58.61,5.65,48.0,50.0,71,40,14.99
351,BR,São Miguel,-5.47,-35.37,84.2,84.2,74,75,11.41
352,US,Redlands,34.06,-117.18,64.99,75.0,49,5,3.8
353,MY,Mersing,2.43,103.84,78.8,78.8,94,99,5.82
354,RU,Troitskoye,52.98,84.68,50.76,50.76,52,25,3.91
355,CA,Port Hardy,50.7,-127.42,50.0,50.0,87,90,6.93
356,SE,Trelleborg,55.38,13.16,48.2,51.01,81,75,6.93
357,GB,Atherton,53.52,-2.49,55.0,59.0,54,5,4.0
358,CN,Kuandian,40.73,124.78,57.22,57.22,83,94,2.89
359,US,Sunrise Manor,36.21,-115.07,80.01,80.6,14,1,3.36
360,FR,Plérin,48.54,-2.78,51.8,53.01,81,100,2.24
361,MX,Castaños,26.78,-101.42,89.6,91.99,27,20,4.21
362,IN,Khatīma,28.92,79.97,83.12,83.12,43,18,10.36
363,CA,Outlook,51.5,-107.05,60.01,60.01,29,0,7.0
364,CF,Bossangoa,6.49,17.46,78.17,78.17,59,45,7.58
365,RO,Asău,46.43,26.4,60.01,60.01,71,53,2.98
366,CA,Matagami,49.75,-77.63,46.4,46.4,42,1,5.82
367,ZM,Mwinilunga,-11.74,24.43,65.55,65.55,59,1,3.91
368,US,Saint George,37.1,-113.58,75.2,82.0,22,1,4.7
369,AU,Sydney,-33.87,151.21,51.01,54.0,53,0,8.01
370,NG,Kafanchan,9.58,8.3,77.68,77.68,61,99,2.3
371,NO,Vardø,70.37,31.11,37.56,37.56,81,0,11.74
372,IN,Dhone,15.42,77.88,90.95,90.95,29,62,10.11
373,FI,Hanko,59.83,22.95,45.0,46.99,92,100,4.65
374,AR,San Vicente,-26.62,-54.13,72.82,72.82,27,0,4.43
375,TC,Cockburn Town,21.46,-71.14,80.42,80.42,78,24,14.79
376,CN,Panzhihua,26.59,101.71,70.27,70.27,44,60,2.21
377,UY,Rocha,-34.48,-54.33,65.16,65.16,63,5,8.68
378,CA,Powell River,49.85,-124.54,50.0,51.8,87,90,10.29
379,US,Pineville,31.32,-92.43,80.01,80.6,54,1,8.05
380,AR,Morón,-34.65,-58.62,63.0,64.99,68,40,8.05
381,OM,Muscat,23.61,58.59,89.6,89.6,62,81,4.7
382,US,Glenwood Springs,39.55,-107.32,46.4,66.0,45,40,10.29
383,US,Homer,59.64,-151.55,39.0,41.0,86,40,5.82
384,BR,Eldorado,-23.79,-54.28,84.13,84.13,44,29,4.61
385,RU,Remontnoye,46.56,43.65,66.0,66.2,63,20,13.42
386,RU,Belyy Yar,53.6,91.39,46.4,46.4,48,59,3.22
387,HR,Korčula,42.96,17.14,63.66,63.66,78,14,7.4
388,IN,Annāmalainagar,11.4,79.73,84.87,84.87,75,14,4.7
389,MZ,Angoche,-16.23,39.91,76.71,76.71,75,22,9.31
390,GB,Bridlington,54.08,-0.19,51.8,54.0,76,42,10.29
391,FR,Châtellerault,46.8,0.53,60.01,60.8,93,90,10.29
392,PH,City of San Pedro,14.35,121.02,84.0,86.0,66,40,5.82
393,PE,Pisco,-13.7,-76.22,71.01,73.4,69,59,8.05
394,CO,Riohacha,11.54,-72.91,86.0,86.0,70,20,11.41
395,AO,Mossamedes,-15.2,12.15,79.57,79.57,62,0,6.35
396,ML,Araouane,18.9,-3.53,102.78,102.78,7,0,13.56
397,BR,Imbituba,-28.24,-48.67,75.2,75.2,38,0,11.41
398,RE,Saint-Joseph,-21.37,55.62,71.6,71.6,78,20,5.82
399,PE,Hualmay,-11.1,-77.61,76.01,76.01,61,16,13.09
400,MN,Erdenet,49.03,104.08,43.27,43.27,36,0,4.52
401,CN,Yichang,30.71,111.28,74.12,74.12,45,9,4.43
402,NC,Vao,-22.67,167.48,76.28,76.28,84,20,16.08
403,AU,Emerald,-23.53,148.17,48.99,55.4,45,27,8.05
404,RU,Tim,51.62,37.12,59.0,59.0,58,40,6.71
405,IE,Midleton,51.92,-8.18,50.0,52.0,76,75,10.29
406,CA,Flin Flon,54.77,-101.86,32.0,32.0,73,90,9.17
407,RU,Kachug,53.96,105.88,45.91,45.91,62,98,5.12
408,US,Elko,41.0,-115.5,57.99,62.01,36,1,3.98
409,LY,Mizdah,31.45,12.98,85.19,85.19,12,21,5.75
410,IS,Vestmannaeyjar,63.44,-20.27,44.6,44.6,48,20,17.22
411,AO,Menongue,-14.66,17.69,68.02,68.02,36,5,2.84
412,JP,Katsuura,35.13,140.3,59.0,64.99,88,2,5.99
413,GB,Margate,51.38,1.39,57.0,61.0,47,9,1.01
414,CN,Lanzhou,36.06,103.79,64.0,71.01,15,51,2.98
415,AZ,Shirvan,39.95,48.9,61.12,61.12,75,48,7.07
416,US,Saint Anthony,45.02,-93.22,69.01,72.0,30,1,13.87
417,US,Blue Springs,39.02,-94.28,78.01,79.0,50,1,13.87
418,MV,Kulhudhuffushi,6.62,73.07,85.41,85.41,74,11,12.24
419,CG,Sibiti,-3.68,13.35,75.38,75.38,81,54,2.15
420,SA,Najrān,17.49,44.13,89.6,89.6,35,20,11.41
421,RU,Lazarev,52.23,141.51,29.25,29.25,95,82,9.66
422,KZ,Derzhavīnsk,51.1,66.32,60.84,60.84,37,13,6.02
423,NO,Andenes,69.31,16.12,42.8,42.8,73,100,8.05
424,CM,Limbe,4.02,9.21,84.2,89.6,66,40,4.7
425,SS,Bentiu,9.23,29.83,88.45,88.45,41,88,6.89
426,LY,Sirte,31.21,16.59,73.08,73.08,43,43,8.84
427,BF,Banfora,10.63,-4.77,102.09,102.09,24,76,3.6
428,PW,Kloulklubed,7.04,134.26,80.6,80.6,88,90,5.82
429,US,Kahului,20.89,-156.47,66.0,73.4,78,40,12.75
430,US,Franklin,39.97,-83.02,68.0,72.0,45,40,16.11
431,RU,Kamenka,51.32,42.77,62.01,62.01,57,37,8.01
432,PF,Moerai,-22.43,-151.33,76.35,76.35,73,97,16.8
433,JP,Iyo,33.75,132.7,61.0,61.0,85,100,4.43
434,AU,Clarence Town,-32.58,151.78,50.0,54.0,57,0,11.41
435,AU,Swan Hill,-35.34,143.55,44.98,44.98,86,17,7.4
436,PH,Tabuk,17.42,121.44,75.87,75.87,74,4,1.74
437,PK,Keti Bandar,24.14,67.45,82.2,82.2,80,9,15.75
438,PK,Turbat,26.0,63.04,86.36,86.36,55,19,4.97
439,CN,Shitanjing,39.23,106.34,67.28,67.28,22,73,3.94
440,ID,Meulaboh,4.14,96.13,77.99,77.99,83,96,3.89
441,NL,Sassenheim,52.23,4.52,53.01,55.0,71,20,12.75
442,RU,Mesyagutovo,55.53,58.25,43.09,43.09,62,100,7.36
443,AU,Nelson Bay,-32.72,152.15,51.8,54.0,57,0,11.41
444,VN,Bac Lieu,9.29,105.72,82.89,82.89,79,25,8.57
445,AU,Coolum Beach,-26.53,153.1,48.99,51.01,81,0,8.12
446,BR,Humberto de Campos,-2.6,-43.46,86.34,86.34,71,46,5.41
447,SO,Mogadishu,2.04,45.34,83.28,83.28,79,78,15.39
448,CN,Genhe,50.78,121.52,29.75,29.75,60,98,3.56
449,AU,Kiama,-34.68,150.87,53.01,55.0,65,0,11.99
450,BR,Jacareacanga,-6.22,-57.75,93.2,93.2,48,81,4.54
451,BR,Itupeva,-23.15,-47.06,81.0,82.4,37,40,12.75
452,RU,Egvekinot,66.32,-179.17,12.18,12.18,88,45,0.63
453,BW,Tsabong,-26.02,22.4,68.16,68.16,17,19,1.92
454,UY,Chui,-33.7,-53.46,64.92,64.92,63,67,9.89
455,BR,Três Passos,-27.46,-53.93,73.99,73.99,49,0,3.0
456,RU,Sosnovo-Ozerskoye,52.52,111.54,35.83,35.83,64,81,6.82
457,CA,Sault Ste. Marie,46.52,-84.33,55.4,55.4,62,75,8.05
458,IN,Dwārka,22.24,68.97,81.57,81.57,85,0,14.0
459,ID,Payo,-3.75,103.64,73.99,73.99,90,98,1.57
460,US,Nome,64.5,-165.41,28.4,30.99,79,1,3.36
461,AU,Ballina,-28.87,153.57,51.8,59.0,58,0,14.99
462,CN,Yumen,40.28,97.2,62.74,62.74,22,100,15.73
463,SB,Honiara,-9.43,159.95,75.2,75.2,100,20,6.17
464,BR,Breves,-1.68,-50.48,84.65,84.65,77,85,4.03
465,RU,Ubinskoye,55.31,79.68,47.21,47.21,69,23,8.32
466,RU,Suntar,62.14,117.63,27.41,27.41,92,0,2.17
467,PF,Vaitape,-16.52,-151.75,82.8,82.8,78,28,13.8
468,NU,Alofi,-19.06,-169.92,69.8,69.8,100,14,2.24
469,NA,Oranjemund,-28.55,16.43,61.27,61.27,75,0,7.0
470,LT,Šeduva,55.77,23.77,55.4,55.4,71,63,4.7
471,SA,Umluj,25.02,37.27,78.85,78.85,55,1,8.32
472,US,Avera,33.19,-82.53,75.2,75.99,36,1,4.7
473,BR,Santa Maria,-29.68,-53.81,68.0,68.0,49,20,5.82
474,LT,Žemaičių Naumiestis,55.36,21.7,52.99,52.99,87,92,6.2
475,MR,Adrar,20.5,-10.07,99.39,99.39,7,0,9.13
476,MZ,Inhambane,-23.86,35.38,77.0,77.0,73,40,6.04
477,RU,Tazovsky,67.47,78.7,22.46,22.46,98,38,7.18
478,JP,Sakaiminato,35.55,133.23,60.8,60.8,93,75,2.24
479,TH,Ranong,9.97,98.63,80.69,80.69,79,79,2.46
480,ZA,George,-33.96,22.46,62.6,62.6,82,38,3.36
481,SA,Sakakah,29.97,40.21,82.4,82.4,12,0,10.29
482,IL,Kiryat Gat,31.61,34.76,57.99,69.01,78,7,5.86
483,AR,Necochea,-38.55,-58.74,61.0,61.0,81,32,5.01
484,DK,Skagen,57.72,10.58,52.0,52.0,83,14,11.99
485,CN,Xiongyue,40.18,122.12,60.98,60.98,78,73,14.65
486,RU,Aktash,50.3,87.73,36.18,36.18,35,1,1.74
487,RU,Kiyasovo,56.35,53.12,44.01,44.01,58,2,6.78
488,KH,Kampot,10.62,104.18,78.8,78.8,88,20,2.24
489,GL,Sisimiut,66.94,-53.67,36.28,36.28,80,100,4.85
490,CD,Inongo,-1.95,18.27,76.3,76.3,81,71,3.11
491,IR,Karaj,35.84,51.01,57.2,64.4,71,75,11.41
492,AF,Kunduz,36.73,68.86,68.95,68.95,58,100,10.54
493,FO,Argir,62.0,-6.77,46.4,46.4,70,87,10.29
494,PE,Moyobamba,-6.05,-76.97,77.11,77.11,65,72,3.56
495,DM,Pointe Michel,15.25,-61.38,86.0,89.6,52,75,11.41
496,GB,Lochgilphead,56.04,-5.43,57.0,59.0,44,1,12.75
497,PH,Latung,5.5,120.88,83.32,83.32,76,75,6.49
498,IN,Rāmtek,21.4,79.33,87.8,87.8,27,20,1.36
499,ML,Sokolo,14.73,-6.12,108.7,108.7,6,0,11.61
500,BR,Rio Claro,-22.41,-47.56,84.2,84.2,32,40,13.87
501,NZ,Dunedin,-45.87,170.5,54.0,55.99,81,0,3.0
502,ID,Banjar,-8.19,114.97,82.4,82.4,94,20,4.7
503,RU,Arman',59.7,150.17,31.17,31.17,94,100,22.57
504,BR,Guarujá,-23.99,-46.26,73.4,79.0,83,75,11.41
505,GB,Exeter,50.72,-3.53,55.99,59.0,61,98,1.01
506,TJ,Kŭlob,37.91,69.78,68.0,68.0,77,90,4.47
507,US,San Jose,37.34,-121.89,61.0,66.0,63,75,4.81
508,IN,Kavaratti,10.57,72.64,85.14,85.14,78,88,15.3
509,CN,Luorong,24.41,109.61,75.18,75.18,83,1,2.42
510,CI,Tabou,4.42,-7.35,85.06,85.06,74,28,9.98
511,US,Scottsbluff,41.87,-103.67,50.0,51.8,100,90,10.29
512,BR,Bonito,-21.12,-56.48,93.78,93.78,31,28,2.21
513,BR,Alta Floresta,-9.88,-56.09,91.4,91.4,49,20,9.17
514,US,Alamogordo,32.9,-105.96,72.0,84.99,9,1,4.7
515,US,Portland,45.52,-122.68,54.0,55.99,87,90,4.7
516,FI,Hämeenlinna,61.0,24.46,46.0,46.99,77,100,4.94
517,SV,Acajutla,13.59,-89.83,84.99,87.8,40,86,7.87
518,US,Yarmouth,41.71,-70.23,59.0,62.6,36,1,11.41
519,RU,Shirokiy,49.76,129.52,36.75,36.75,65,2,11.18
520,IR,Ramsar,36.92,50.64,69.8,69.8,64,75,4.7
521,KZ,Zhezkazgan,47.8,67.71,62.46,62.46,32,100,12.33
522,EE,Karla,59.37,24.93,51.01,51.8,87,90,8.05
523,NP,Tulsīpur,28.13,82.3,82.0,82.0,44,47,1.99
524,PT,Vila,42.03,-8.16,64.0,64.0,83,100,8.99
525,ID,Ambon City,-3.7,128.18,82.0,82.0,88,53,3.83
526,MV,Ugoofaaru,5.67,73.0,85.8,85.8,74,14,13.18
527,TZ,Chake Chake,-5.25,39.77,78.33,78.33,86,88,11.63
528,CN,Jiuquan,39.74,98.52,61.54,61.54,25,83,12.28
529,RU,Petropavlovsk-Kamchatskiy,53.05,158.65,35.6,35.6,100,75,6.71
530,US,Medford,42.33,-122.88,55.4,63.0,66,90,4.9
531,TD,Bokoro,12.38,17.06,99.88,99.88,16,63,4.5
532,CD,Gemena,3.25,19.77,80.53,80.53,57,2,2.59
533,PE,Paramonga,-10.67,-77.83,75.27,75.27,64,26,12.15
534,BR,Senador José Porfírio,-2.59,-51.95,82.67,82.67,72,100,2.91
535,ID,Tual,-5.67,132.75,83.59,83.59,79,100,12.95
536,RU,Yerbogachën,61.28,108.01,31.69,31.69,75,29,5.86
537,BR,Cabedelo,-6.98,-34.83,87.8,87.8,62,20,11.41
538,CA,Saint-Augustin,51.23,-58.65,36.91,36.91,98,100,6.82
539,SL,Bonthe,7.53,-12.51,85.95,85.95,72,88,10.22
540,ID,Tomohon,1.33,124.84,77.0,77.0,94,20,1.36
541,US,Lexington,37.99,-84.48,73.4,77.0,49,1,20.8
542,PG,Kimbe,-5.55,150.14,76.87,76.87,90,100,3.0
543,PK,Mailsi,29.8,72.18,93.51,93.51,19,0,11.12
544,GR,Methóni,36.82,21.7,66.2,70.0,59,40,8.05
545,JP,Wakkanai,45.41,141.67,47.68,47.68,91,65,18.92
546,BR,Maragogi,-9.01,-35.22,83.01,83.01,74,82,9.6
547,PG,Vanimo,-2.67,141.3,79.83,79.83,80,75,3.11
548,BR,Itapirapuã,-15.82,-50.61,85.08,85.08,46,2,2.64
549,CD,Kinshasa,-4.32,15.32,87.8,89.6,62,20,3.36
550,US,Makakilo City,21.35,-158.09,71.6,75.2,73,90,4.7
551,NZ,Napier City,-39.48,176.92,66.99,66.99,61,100,5.99
552,US,Sioux City,42.5,-96.4,60.8,62.01,67,90,5.82
553,AR,Concepción del Uruguay,-32.48,-58.24,69.01,69.01,57,0,4.0
554,RU,Aldan,58.6,125.39,19.22,19.22,91,100,3.76
555,NZ,Kaeo,-35.1,173.78,66.0,66.0,89,95,15.01
556,IE,Kinsale,51.71,-8.53,50.0,52.0,76,75,10.29
557,NL,Den Helder,52.96,4.76,50.0,52.0,81,90,16.11
558,TN,Menzel Kamel,35.62,10.67,80.6,82.99,36,40,5.82
559,NG,Yaan,7.38,8.57,88.45,88.45,62,74,6.91
560,RU,Neryungri,56.67,124.65,14.05,14.05,88,37,3.69
561,MY,Tumpat,6.2,102.17,82.0,82.4,88,20,2.24
562,BR,Itapuranga,-15.56,-49.95,81.9,81.9,47,0,2.17
563,BR,Alto Araguaia,-17.31,-53.22,81.88,81.88,41,7,2.75
564,RU,Polyarny,69.2,33.45,41.0,41.0,48,88,4.47
565,ZW,Chipinge,-20.19,32.62,58.73,58.73,42,2,3.42
566,PE,San Vicente de Cañete,-13.08,-76.38,75.79,75.79,59,59,8.52
567,RU,Almaznyy,48.04,40.05,66.2,66.2,48,20,8.95
568,IR,Mehrān,33.12,46.16,64.4,64.4,42,21,4.7
569,RU,Bogorodsk,56.1,43.52,51.8,53.01,37,11,6.71
570,BR,Penápolis,-21.42,-50.08,82.02,82.02,41,0,4.72
571,US,Collierville,35.04,-89.66,77.0,79.0,65,20,17.22
572,US,Great Falls,47.5,-111.3,55.4,60.01,28,1,4.7
573,RU,Mel'nikovo,56.56,84.08,39.0,46.0,81,60,5.08
574,BR,Salinópolis,-0.61,-47.36,84.61,84.61,72,19,10.38
575,IN,Leh,34.17,77.58,45.72,45.72,13,97,2.68
576,FR,Vendôme,47.8,1.07,57.2,59.0,67,100,4.7
577,CN,Dengzhou,37.81,120.75,61.43,61.43,83,39,8.93
578,TJ,Ayní,39.39,68.54,54.93,54.93,33,65,5.59
